load_date,check_name,severity,passed,observed
2026-09-20,call_type_present,WARN,1,0.0
2026-09-20,coordinates_in_sf,WARN,1,0.0
2026-09-20,no_duplicate_rowids,FAIL,1,0.0
2026-09-20,no_future_timestamps,FAIL,1,0.0
2026-09-20,required_not_null,FAIL,1,0.0
2026-09-20,row_count_nonzero,FAIL,1,919.0
2026-09-20,row_count_vs_history,WARN,1,919.0
2026-09-20,timestamps_chronological,WARN,1,0.0
2026-09-20,units_per_call_plausible,WARN,1,14.0
2026-09-21,call_type_present,WARN,1,0.0
2026-09-21,coordinates_in_sf,WARN,1,0.0
2026-09-21,no_duplicate_rowids,FAIL,1,0.0
2026-09-21,no_future_timestamps,FAIL,1,0.0
2026-09-21,required_not_null,FAIL,1,0.0
2026-09-21,row_count_nonzero,FAIL,1,1023.0
2026-09-21,row_count_vs_history,WARN,1,1.113
2026-09-21,timestamps_chronological,WARN,1,0.0
2026-09-21,units_per_call_plausible,WARN,1,15.0
2026-09-22,call_type_present,WARN,1,0.0
2026-09-22,coordinates_in_sf,WARN,1,0.0
2026-09-22,no_duplicate_rowids,FAIL,1,0.0
2026-09-22,no_future_timestamps,FAIL,1,0.0
2026-09-22,required_not_null,FAIL,1,0.0
2026-09-22,row_count_nonzero,FAIL,1,961.0
2026-09-22,row_count_vs_history,WARN,1,0.99
2026-09-22,timestamps_chronological,WARN,1,0.0
2026-09-22,units_per_call_plausible,WARN,1,11.0
2026-09-23,call_type_present,WARN,1,0.0
2026-09-23,coordinates_in_sf,WARN,1,0.0
2026-09-23,no_duplicate_rowids,FAIL,1,0.0
2026-09-23,no_future_timestamps,FAIL,1,0.0
2026-09-23,required_not_null,FAIL,1,0.0
2026-09-23,row_count_nonzero,FAIL,1,1111.0
2026-09-23,row_count_vs_history,WARN,1,1.148
2026-09-23,timestamps_chronological,WARN,1,0.0
2026-09-23,units_per_call_plausible,WARN,1,15.0
2026-09-24,call_type_present,WARN,1,0.0
2026-09-24,coordinates_in_sf,WARN,1,0.0
2026-09-24,no_duplicate_rowids,FAIL,1,0.0
2026-09-24,no_future_timestamps,FAIL,1,0.0
2026-09-24,required_not_null,FAIL,1,0.0
2026-09-24,row_count_nonzero,FAIL,1,988.0
2026-09-24,row_count_vs_history,WARN,1,0.985
2026-09-24,timestamps_chronological,WARN,1,0.0
2026-09-24,units_per_call_plausible,WARN,1,11.0
2026-09-25,call_type_present,WARN,1,0.0
2026-09-25,coordinates_in_sf,WARN,1,0.0
2026-09-25,no_duplicate_rowids,FAIL,1,0.0
2026-09-25,no_future_timestamps,FAIL,1,0.0
2026-09-25,required_not_null,FAIL,1,0.0
2026-09-25,row_count_nonzero,FAIL,1,1038.0
2026-09-25,row_count_vs_history,WARN,1,1.038
2026-09-25,timestamps_chronological,WARN,1,0.0
2026-09-25,units_per_call_plausible,WARN,1,12.0
2026-09-26,call_type_present,WARN,1,0.0
2026-09-26,coordinates_in_sf,WARN,1,0.0
2026-09-26,no_duplicate_rowids,FAIL,1,0.0
2026-09-26,no_future_timestamps,FAIL,1,0.0
2026-09-26,required_not_null,FAIL,1,0.0
2026-09-26,row_count_nonzero,FAIL,1,1097.0
2026-09-26,row_count_vs_history,WARN,1,1.09
2026-09-26,timestamps_chronological,WARN,1,0.0
2026-09-26,units_per_call_plausible,WARN,1,16.0
2026-09-27,call_type_present,WARN,1,0.0
2026-09-27,coordinates_in_sf,WARN,1,0.0
2026-09-27,no_duplicate_rowids,FAIL,1,0.0
2026-09-27,no_future_timestamps,FAIL,1,0.0
2026-09-27,required_not_null,FAIL,1,0.0
2026-09-27,row_count_nonzero,FAIL,1,1009.0
2026-09-27,row_count_vs_history,WARN,1,0.99
2026-09-27,timestamps_chronological,WARN,1,0.0
2026-09-27,units_per_call_plausible,WARN,1,13.0
