load_date,comparison,source_count,target_count,variance_pct,status
2026-10-01,api_vs_raw,1160,1160,0.0,PASS
2026-10-01,raw_vs_staging,1160,1160,0.0,PASS
2026-10-01,staging_vs_fact,1160,1160,0.0,PASS
2026-10-02,api_vs_raw,1032,1032,0.0,PASS
2026-10-02,raw_vs_staging,1032,1032,0.0,PASS
2026-10-02,staging_vs_fact,1032,1032,0.0,PASS
2026-10-03,api_vs_raw,1196,1196,0.0,PASS
2026-10-03,raw_vs_staging,1196,1196,0.0,PASS
2026-10-03,staging_vs_fact,1196,1196,0.0,PASS
2026-10-04,api_vs_raw,1047,1047,0.0,PASS
2026-10-04,raw_vs_staging,1047,1047,0.0,PASS
2026-10-04,staging_vs_fact,1047,1047,0.0,PASS
2026-10-05,api_vs_raw,1094,1094,0.0,PASS
2026-10-05,raw_vs_staging,1094,1094,0.0,PASS
2026-10-05,staging_vs_fact,1094,1094,0.0,PASS
2026-10-06,api_vs_raw,1086,1086,0.0,PASS
2026-10-06,raw_vs_staging,1086,1086,0.0,PASS
2026-10-06,staging_vs_fact,1086,1086,0.0,PASS
2026-10-07,api_vs_raw,1062,1062,0.0,PASS
2026-10-07,raw_vs_staging,1062,1062,0.0,PASS
2026-10-07,staging_vs_fact,1062,1062,0.0,PASS
2026-10-08,api_vs_raw,1037,1037,0.0,PASS
2026-10-08,raw_vs_staging,1037,1037,0.0,PASS
2026-10-08,staging_vs_fact,1037,1037,0.0,PASS
